Organism,Protein,Protein_description,KO_ID,gene_ID,Amino_acids,Theoretical_pI,Molecular_weight,Total_neg_charge,Total_pos_charge,Total_ratio_neg_pos,Reads_bc2001,Reads_bc2002,num_chains,num_residues,Rg nm,helix_num,strand_num,coil_num,total_sasa,frac_sasa_hydrophobic,frac_sasa_polar,frac_sasa_charged,frac_sasa_pos_charge,frac_sasa_neg_charge,num_hbonds,num_salt_bridge,num_disulfides,num_pipi,net_charge,num_exposed_pos,num_exposed_neg,surface_net_charge,highly_exposed_frac,frac_sasa_ILE,frac_sasa_ALA,frac_sasa_GLU,frac_sasa_LYS,frac_sasa_CYS,frac_sasa_ASP,frac_sasa_MET,frac_sasa_GLY,frac_sasa_LEU,frac_sasa_GLN,frac_sasa_THR,frac_sasa_SER,frac_sasa_TYR,frac_sasa_HIS,frac_sasa_PRO,frac_sasa_ASN,frac_sasa_TRP,frac_sasa_ARG,frac_sasa_VAL,frac_sasa_PHE
Incendiamoeba,Actin,ACTB_G1; actin beta/gamma 1,K05692,g10520.t1,375,5.31,41813.89,49,37,1.32,"3,316,175","29,939",1,375,2.180921824,167,74,134,25588.648,0.2123558,0.28053793,0.4789382,0.16387683,0.31506136,213,41,1,199,-12,17,24,-7,0.1866666667,0.00025218574,0.043581348,0.19492614,0.10683609,0,0.12013521,0.0745005,0.046786707,0.0076859156,0.09643941,0.08717668,0.030853802,0.01211275,0.028168073,0.02110886,0.007168587,0,0.05704076,0.06257904,0.0026479503
Vermamoeba,Actin,ACTB_G1; actin beta/gamma 1,K05692,g12052.t4,379,5.8,42604.8,46,38,1.21,NA,NA,1,379,2.203712002,169,77,133,25400.273,0.26675823,0.236032,0.44187385,0.1680777,0.27379617,201,35,3,296,-8,21,25,-4,0.1899736148,0.03701688,0.034689832,0.16772334,0.09667419,0,0.106072806,0.07820145,0.033057548,0.029089019,0.029308207,0.03380563,0.04069042,0.05047617,0.055335842,0.01636634,0.048694033,0.009527101181,0.07140351,0.037732314,0.024135321
Incendiamoeba,Histone H3,H3; histone H3,K11253,g17239.t1,158,10.92,18539.38,17,36,0.47,"284,441","17,848",1,158,3.038332072,71,0,87,37688.23,0.15755877,0.20660304,0.61194193,0.5199749,0.09196703,61,10,0,11,19,33,12,21,0.5379746835,0.017532524,0.008628206,0.07396849,0.16589585,0,0.017998546,0.05121909,0.003375665,0.036700014,0.0670587,0.08446192,0.026991751,0.02471501,0.023896331,0.04339332,0,0,0.354079,8.56E-05,0
Vermamoeba,Histone H3,H3; histone H3,K11253,g16005.t2,170,10.41,19117.1,14,35,0.40,NA,NA,1,170,3.147395189,59,0,111,38271.62,0.22479984,0.24266532,0.49639338,0.41623688,0.080156475,64,0,0,28,21,27,9,18,0.4823529412,0.022256915,0.02249638,0.06252237,0.24985132,0,0.017634112,0.06682344,0.0008411429,0.0075032776,0.0397706,0.034312215,0.053542864,0.084466435,0.036141496,0.08085544,0.02973208,0,0.16638558,0.008049217,0.01681517
Incendiamoeba,Rho GTPase,"Rho family, other",K07975,g7199.t1,767,6.5,86514.04,96,92,1.04,"112,785","4,528,739",1,767,3.216986645,345,97,325,47547.703,0.17022544,0.2866318,0.5114731,0.34656635,0.16490676,394,54,53,461,-4,49,41,8,0.1760104302,0.015465695,0.004275126,0.1482808,0.28311396,0,0.016625974,0.05241179,0.038465362,0.025673749,0.03437482,0.05209907,0.053905237,0.0079978835,0.03166958,0.035116788,0.09978942,0,0.06345239,0.015838815,0.021443488
Vermamoeba,Rho GTPase,"Rho family, other",K07975,g6055.t1,643,5.7,72180.24,89,79,1.13,NA,NA,1,643,3.144176128,294,93,256,41586.863,0.10472388,0.2816535,0.5988911,0.37900254,0.21988857,377,64,18,284,-10,47,43,4,0.166407465,0.035372008,0.0063531836,0.11889292,0.32311958,0.0019634385,0.10099564,0.010947517,0.016316095,0.008991098,0.081152186,0.047362722,0.039847285,0.00031034285,0.014731527,0.012336128,0.0947014,0.002560328227,0.05588296,0.01210337,0.016060242
Incendiamoeba,Sterol demethylase,CYP51; sterol 14alpha-demethylase,K05917,g13344.t1,531,9.04,61520.39,58,68,0.85,"34,735","1,389,182",1,531,2.546668098,279,56,196,32797.906,0.1620985,0.22880436,0.58971995,0.45476457,0.13495538,323,59,12,590,10,39,24,15,0.1676082863,0.0032464275,0.0040042833,0.09984832,0.2866049,0,0.035107072,0.013755884,0.018463526,0.03930578,0.04207885,0.03501503,0.07530273,0.0048066876,0.019377178,0.03883408,0.05313755,0.0006886361516,0.16815968,0.015928037,0.046335373
Vermamoeba,Sterol demethylase,CYP51; sterol 14alpha-demethylase,K05917,g12305.t1,494,8.64,56298.05,55,60,0.92,NA,NA,1,494,2.509933941,285,54,155,31809.182,0.22688009,0.1908873,0.57908815,0.42915213,0.14993598,334,55,5,557,5,41,26,15,0.1821862348,0.013186476,0.028428756,0.09086565,0.33602676,0,0.059070338,0.056637056,0.01893985,0.06904216,0.04768499,0.039179854,0.041251525,0.0052835224,0.0031444675,0.043513056,0.038547542,0,0.09312536,0.016072573,0
Incendiamoeba,Dihydropteridine reductase,QDPR; dihydropteridine reductase,K00357,g16992.t1,237,8.8,25274.2,22,26,0.85,"22,277","1,280,303",1,237,1.739440029,95,56,86,20177.834,0.22482596,0.20380594,0.5567754,0.41634098,0.14043438,124,16,5,34,4,21,12,9,0.1983122363,0.0027183932,0.031500377,0.057667185,0.306216,0,0.082767196,0.07052184,0.011494465,0.0031981096,0.051419117,0.016303066,0.04440797,0.013129977,0.014592708,0.08315085,0.06705134,0,0.11012501,0.003038204,0.030698208
Vermamoeba,Dihydropteridine reductase,QDPR; dihydropteridine reductase,K00357,g15971.t1,236,6.29,24654.25,21,19,1.11,NA,NA,1,236,1.723656602,93,58,85,19466.05,0.21215728,0.23216952,0.5494124,0.31580445,0.233608,126,14,2,59,-2,16,12,4,0.2076271186,0.026286105,0.03641538,0.0691665,0.28566352,0,0.16444148,0.044202864,0.018616144,0.013425951,0.03947366,0.024561077,0.004599502,0.017380299,0.0062607694,0.025842272,0.12753886,0.01029565651,0.03014096,0.024859093,0.03082996
Incendiamoeba,Phosphatidylethanolamine methyltransferase,PEMT; phosphatidylethanolamine/phosphatidyl-N-methylethanolamine N-methyltransferase,K00551,g834.t1,230,9.89,26165.49,12,28,0.43,"5,031","335,402",1,230,2.929496513,162,0,68,30624.543,0.2689162,0.30324665,0.42669833,0.39117846,0.035519883,147,4,0,337,16,22,5,17,0.3217391304,0.045009226,0.020755563,0.016061163,0.27769512,0,0.019458717,0.025930872,0.0060960324,0.03746668,0.07757909,0.055644944,0.02095295,0.061902333,0.0011389041,0.013169773,0.0810713,0.01913311332,0.11348335,0.017173383,0.09027756
Vermamoeba,Phosphatidylethanolamine methyltransferase,PEMT; phosphatidylethanolamine/phosphatidyl-N-methylethanolamine N-methyltransferase,K00551,g16492.t1,227,9.33,25517.9,15,23,0.65,NA,NA,1,227,2.250274435,180,0,47,25336.68,0.35623077,0.2312113,0.40132666,0.3334788,0.067847855,171,7,1,260,8,18,8,10,0.268722467,0.02776161,0.0043297927,0.03384864,0.20889266,0.037182864,0.033999212,0.064204976,0.0002546937,0.060999136,0.04979408,0.027778631,0.014247533,0.075859495,0.011231193,0.03947462,0.02609402,0,0.12458617,0.056949377,0.10251131
Incendiamoeba,HSP90,"HSP90A, htpG; molecular chaperone HtpG",K04079,g16603.t1,334,5.04,38969.79,65,52,1.25,"394,413","163,843",1,334,2.80499851,151,27,156,34453.89,0.15532994,0.2038819,0.64060426,0.25911874,0.38148558,172,26,6,205,-13,34,42,-8,0.2814371257,0.011612382,0.012937816,0.23857339,0.24844074,0,0.1429122,0.040153865,0.0074043227,0.040430423,0.07873259,0.03950005,0.013158979,0.019258337,0.00018373468,0.028375419,0.045827653,0,0.010677981,0.0146091245,0.0072109145
Vermamoeba,HSP90,"HSP90A, htpG; molecular chaperone HtpG",K04079,g8642.t1,731,5.18,84485.47,136,110,1.24,NA,NA,1,731,4.182854603,275,143,313,64376.24,0.16860734,0.19261827,0.6276123,0.25305513,0.37455717,394,69,3,523,-26,62,76,-14,0.2380300958,0.010978439,0.016516324,0.28435633,0.22068082,0.0064466028,0.09020083,0.05330481,0.013247244,0.036384784,0.06387232,0.021728816,0.042768054,0.011146454,0.011162099,0.0136302365,0.033408776,0.007316587958,0.032374293,0.015740838,0.014735322
Incendiamoeba,Synaptotagmin,"ESYT, TCB, SYT; extended synaptotagmin",K28063,g5504.t1,414,5.89,47979.18,69,64,1.08,"513,586","2,560",1,414,2.950009321,209,68,137,32541.95,0.20630983,0.13610117,0.6165934,0.37667537,0.23991808,244,40,0,246,-5,40,28,12,0.2222222222,0.025679946,0.018315693,0.20017707,0.26577452,0,0.03974099,0.067625895,0.010086275,0.037577987,0.015579345,0.015097671,0.016325282,0.00038982005,0.040995527,0.029828439,0.07862278,0,0.11090084,0.0011898044,0.02609206
Vermamoeba,Synaptotagmin,"ESYT, TCB, SYT; extended synaptotagmin",K28063,g718.t1,455,8.63,49519.8,54,57,0.95,NA,NA,1,761,3.229935044,240,205,316,45242.164,0.21571118,0.29368246,0.4776639,0.27061075,0.20705312,375,31,5,360,5,36,31,5,0.1721419185,0.026243117,0.027084067,0.093603574,0.18433191,0,0.11344955,0.05558049,0.030085264,0.020718949,0.095934905,0.03801467,0.050486676,0.0068330006,0.012942556,0.031862546,0.07232794,0.002403633436,0.086278826,0.014762669,0.037055697
Incendiamoeba,SPO11,SPO11; meiotic recombination protein SPO11,K10878,g11107.t1,366,7.6,41866.55,36,37,0.97,"2,538","289,336",1,366,2.245952207,173,65,128,25740.666,0.26289973,0.34201965,0.3612472,0.2245789,0.1366683,214,30,8,206,1,18,16,2,0.1857923497,0.027878348,0.0033758278,0.09633465,0.1241981,0.006474454,0.040333655,0.08127134,0.027569711,0.04261189,0.10159071,0.061965775,0.022982873,0.035414424,0.033833493,0.009902508,0.08602171,0.00564066926,0.1003808,0.015543178,0.076675944
Vermamoeba,SPO11,SPO11; meiotic recombination protein SPO11,K10878,g8738.t1,291,6.83,33456.79,36,36,1.00,NA,NA,1,597,3.189263177,293,91,213,35702.39,0.14529963,0.33261958,0.4912484,0.31079343,0.18045497,346,45,12,451,2,39,27,12,0.1775544389,0.017121496,0.011717352,0.08266127,0.18701851,0.0056458823,0.0977937,0.022982577,0.015578401,0.012489506,0.09470232,0.045086946,0.013247236,0.05583322,0.030832373,0.018526547,0.10252558,0.001084480784,0.12377493,0.013194515,0.048183158
Incendiamoeba,Ubiquitin-like 1,"UBLE1B, SAE2, UBA2; ubiquitin-like 1-activating enzyme E1 B",K10685,g6558.t1,650,6.21,73757.41,82,74,1.11,"14,759","282,698",1,1187,3.799789198,474,184,529,67468.875,0.12391032,0.32262206,0.5135866,0.2922258,0.22136079,622,79,30,638,-9,61,54,7,0.1609098568,0.02266565,0.014363025,0.18580705,0.12772375,4.84E-05,0.035553735,0.02142586,0.0074427524,0.026465448,0.11442419,0.06840152,0.039571933,0.012394061,0.03988099,0.013266224,0.080339156,0.000669518311,0.16450207,0.013410933,0.011643671
Vermamoeba,Ubiquitin-like 1,"UBLE1B, SAE2, UBA2; ubiquitin-like 1-activating enzyme E1 B",K10685,g7041.t1,657,5.26,73624.78,99,76,1.30,NA,NA,1,657,3.1892335,247,89,321,48406.984,0.17288856,0.27258906,0.5285456,0.26044723,0.26809838,303,61,30,303,-23,43,51,-8,0.199391172,0.0052958936,0.052879233,0.1907661,0.12584099,0.0021602036,0.077332295,0.03963955,0.015941206,0.013062774,0.05989869,0.029049706,0.021771993,0.00026053973,0.02597676,0.041113496,0.14350669,0,0.13460623,0.014432127,0.0064654923
Incendiamoeba,GPAT3,"GPAT3_4, AGPAT9, AGPAT6; glycerol-3-phosphate O-acyltransferase",K13506,g11588.t1,438,8.97,50771.74,42,52,0.81,"5,100","216,589",1,438,3.770566056,231,41,166,40996.85,0.33724937,0.21992382,0.43313953,0.26837495,0.16476458,205,23,18,484,10,31,21,10,0.2557077626,0.058370188,0.013930306,0.08536787,0.17276746,0.0068492927,0.0793967,0.03809318,0.013713384,0.08765999,0.05227467,0.02799061,0.03274072,0.03372412,0.009687244,0.048902586,0.05263103,0.019632807,0.0956075,0.018022826,0.05263748
Vermamoeba,GPAT3,"GPAT3_4, AGPAT9, AGPAT6; glycerol-3-phosphate O-acyltransferase",K13506,g14691.t1,396,9.41,45328.63,35,48,0.73,NA,NA,1,396,2.768598954,196,41,159,33654.133,0.43247965,0.18218982,0.3544095,0.24200991,0.11239958,227,21,3,345,13,24,13,11,0.2424242424,0.025864042,0.0408266,0.065267995,0.16539446,0.0008738902,0.04713158,0.07629716,0.011552329,0.09635306,0.031592656,0.031147724,0.011295009,0.03952251,0.030921176,0.046350412,0.056205716,0.009034047835,0.07661546,0.07592669,0.061827604
Incendiamoeba,Cathepsin,CTSZ; cathepsin X,K08568,g13998.t1,294,7.87,32605.14,25,27,0.93,"135,404","261,220",1,294,2.17113446,63,64,167,27667.373,0.40377545,0.36072984,0.21238951,0.17748569,0.0349038,128,34,51,303,2,11,7,4,0.231292517,0.027471608,0.023996232,0.014814856,0.120838135,0.017362343,0.020088943,0.08178178,0.020428529,0.067554034,0.052188728,0.04242097,0.066197254,0.003646734,0.0231052,0.04488243,0.1584853,0.03544699773,0.05664757,0.06002129,0.06262111
Vermamoeba,Cathepsin,CTSZ; cathepsin X,K08568,g6909.t1,292,4.9,32048.9,28,19,1.47,NA,NA,1,292,2.280722142,59,72,161,28475.28,0.39727077,0.33798656,0.2444782,0.13919926,0.105278954,115,13,37,365,-9,11,11,0,0.2328767123,0.0043057967,0.019716017,0.06469823,0.08416036,0.010849333,0.040580735,0.07430495,0.013696935,0.10759031,0.037873376,0.10454875,0.029997427,0.019159442,0.020264434,0.063089594,0.12186127,0.02538153715,0.05503889,0.063548714,0.03933386
Incendiamoeba,peptidase,PRCP; lysosomal Pro-X carboxypeptidase,K01285,g15123.t1,490,6.46,56053.01,39,36,1.08,"24,653","210,264",1,490,2.479899168,190,62,238,32845.434,0.3761511,0.2524123,0.31522653,0.23130254,0.083923966,254,30,6,735,-3,19,11,8,0.1816326531,0.020907909,0.012217314,0.031966217,0.1940865,0.0022078769,0.051957745,0.0615094,0.0021118824,0.06916338,0.07101182,0.06807387,0.039051265,0.004735092,0.056210075,0.07377137,0.06522047,0.01402134262,0.037216026,0.018983535,0.105576865
Vermamoeba,peptidase,PRCP; lysosomal Pro-X carboxypeptidase,K01285,g9570.t1,475,6.6,52970.02,35,34,1.03,NA,NA,1,475,2.233584772,196,63,216,27884.047,0.21550179,0.41970012,0.35074273,0.31974173,0.03100099,258,24,3,675,-1,19,10,9,0.1326315789,0.0002261498,0.013724998,0.01752661,0.23441903,0.0021484233,0.01347438,0.06443994,0.0057773725,0.020018347,0.19376843,0.05907285,0.061399933,0.01623566,0.0140553685,0.053832553,0.08129743,0.003436181461,0.085322686,0.019208355,0.040615257
Incendiamoeba,coil-helix,CHCHD2; coiled-coil-helix-coiled-coil-helix domain-containing protein 2,K22758,g10050.t1,165,9.76,17465.26,7,14,0.50,"242,718","26,047",1,165,3.427728565,36,0,129,42164.24,0.25225627,0.42244914,0.2888217,0.25432953,0.03449216,25,3,6,44,7,12,6,6,0.5939393939,0.016678588,0.022789158,0.024770932,0.08288664,0,0.009721228,0.07707311,0.007646615,0.0111724,0.18573512,0.09859423,0.07641511,0.025040867,0.03647275,0.086479805,0.029017206,0.001224372652,0.1714429,0.0061530266,0.030685838
Vermamoeba,coil-helix,CHCHD2; coiled-coil-helix-coiled-coil-helix domain-containing protein 2,K22758,g10238.t1,148,9.27,15244.9,6,11,0.55,NA,NA,1,148,3.197726633,40,0,108,37450.39,0.31834176,0.43000856,0.23308922,0.17876443,0.054324802,23,0,6,104,5,10,6,4,0.6283783784,0.011027866,0.051967148,0.035043098,0.06643685,0,0.019281702,0.08975132,0.029866021,0.013949287,0.16008843,0.07589692,0.09492347,0.03589144,0.018560419,0.10536335,0.03334228,0.00620153686,0.11232758,0.030514387,0.009566886
Incendiamoeba,L18Ae,"RP-L18Ae, RPL18A; large subunit ribosomal protein L18Ae",K02882,g17830.t1,425,10.15,50056.47,25,59,0.42,"28,386","239,248",1,425,3.069947917,228,57,140,37071.15,0.2911909,0.24115017,0.42415255,0.34909052,0.07506203,232,13,3,580,34,36,9,27,0.2282352941,0.06937781,0.012756404,0.04655959,0.16379164,0.001851126,0.028502436,0.02349621,0.029259078,0.015027566,0.0047741374,0.033623356,0.032783918,0.07921116,0.043506302,0.05447868,0.059647385,0.01721269451,0.18529887,0.026459122,0.07238242
Vermamoeba,L18Ae,"RP-L18Ae, RPL18A; large subunit ribosomal protein L18Ae",K02882,g7313.t1,176,10.45,20636.91,14,35,0.40,NA,NA,1,176,2.356141801,47,57,72,24575.047,0.20760053,0.16220684,0.52733254,0.43655202,0.09078056,62,14,0,117,21,28,6,22,0.3011363636,0.00524875,0.06697306,0.08757306,0.20366888,0,0.0032075075,0.03138562,0.020749552,0.028764859,0.037937954,0.017127622,0.046719678,0.0038699622,0.10286013,0.026780901,0.035802063,0,0.23288311,0.001575523,0.04687181
Incendiamoeba,HPRT1,"hprT, hpt, HPRT1; hypoxanthine phosphoribosyltransferase",K00760,g12810.t1,189,8.32,21425.01,25,27,0.93,"10,104","238,299",1,189,1.733598849,43,63,83,19688.041,0.19320422,0.23571123,0.5706022,0.41010797,0.16049422,82,30,3,33,2,22,16,6,0.2645502646,0,0.0029461677,0.12297492,0.29898718,0.009792696,0.037519295,0.119279586,0.0030838973,0.0037693216,0.021871308,0.039066263,0.06311553,0.016484475,0.00048230102,0.054565758,0.08229705,0.003429088742,0.111120805,0.0077393767,0.001474952
Vermamoeba,HPRT1,"hprT, hpt, HPRT1; hypoxanthine phosphoribosyltransferase",K00760,g11184.t1,185,6.31,20854.32,26,24,1.08,NA,NA,1,185,1.695224154,43,64,78,18393.07,0.13258278,0.13529009,0.67614174,0.4441985,0.23194316,90,23,0,39,-2,18,17,1,0.2540540541,0.0010525311,0.033799876,0.1800976,0.31224495,0,0.051845577,0.05342864,0.0027547576,0.0008771092,0.009464722,0.025997328,0.032149088,0.01744565,0.05598549,0.031225085,0.047478545,,0.13195352,0.009217371,0.0029821715
Incendiamoeba,peptidylprolyl,E5.2.1.8; peptidylprolyl isomerase ,K01802,g8749.t1,172,8.93,18829.49,19,23,0.83,"288,809","5,922",1,172,1.456103264,23,56,93,15927.064,0.19359815,0.1253293,0.68107253,0.5243399,0.15673272,86,17,6,140,4,21,10,11,0.238372093,0.027505048,0.0045670285,0.008627918,0.04091245,0.013503756,0.38108754,0.005064565,0,0.022177227,0.0028361564,0.0808109,0.011142044,0.08021931,0.07592183,0,0,0.025557103,0.07601376,0.14325231,0.00080109324
Vermamoeba,peptidylprolyl,E5.2.1.8; peptidylprolyl isomerase ,K01802,g3422.t1,211,7.79,22475.8,23,24,0.96,NA,NA,1,211,2.382694852,23,57,131,25000.059,0.44245043,0.1551728,0.4023768,0.24624343,0.15613337,89,13,0,143,1,18,12,6,0.3033175355,0.087484665,0.08075134,0.058010943,0.018455802,0.03351948,0.22041751,0.036678746,0,0.030764451,0.04702508,0.12266431,0.03739254,0.0248004,0.03346906,0,0,0.050286923,0.08437539,0.025825916,0.00807751
Incendiamoeba,GAPDH,"GAPDH, gapA; glyceraldehyde 3-phosphate dehydrogenase (phosphorylating)",K00134,g10910.t1,353,6.16,38687.53,43,39,1.10,"200,968","3,349",1,353,2.08243438,105,94,154,24959.924,0.21708907,0.09230193,0.6642008,0.43462586,0.22957493,151,18,18,142,-4,29,23,6,0.1954674221,0.015900096,0.049809445,0.002526439,0.04712976,0.02296274,0.27203867,0.0046242154,0.014318373,0.00522046,0.0025853813,0.12239497,0,0.032317422,0.10717995,0.02640818246,0,0.033756506,0.06328368,1.63E-01,0.014956494
Vermamoeba,GAPDH,"GAPDH, gapA; glyceraldehyde 3-phosphate dehydrogenase (phosphorylating)",K00134,g5327.t2,340,6.75,36386.66,35,34,1.03,NA,NA,1,340,2.05016876,111,88,141,23041.271,0.2683593,0.19135754,0.5209463,0.2758116,0.24513468,180,18,6,123,-1,22,20,2,0.2,0.040084213,0.0302472,0.022974169,0.06860313,0.029804755,0.17316402,0.013926713,0.0492412,0.025294077,0.005709442,0.15940487,0.038089067,0.049843386,0.085729815,0.01933681034,0,0.032347262,0.039352294,0.1026476,0.014199955
Incendiamoeba,DDC-TDC,"DDC, TDC; aromatic-L-amino-acid/L-tryptophan decarboxylase",K01593,g13461.t1,394,6.2,44204.67,43,37,1.16,"5,388","196,660",1,394,2.338124349,213,41,140,28680.516,0.20416471,0.20409098,0.54396886,0.31696394,0.22700493,227,30,17,271,-6,24,21,3,0.1776649746,0.030770674,0.0017999934,0.021072626,0.03654698,0.017145399,0.2232522,0.028042119,0.049075346,0.0040012538,0.016082311,0.19675972,0.01168712,0.08524747,0.030245239,0.04777543247,0,0.048700303,0.030535208,0.09371175,0.027548872
Vermamoeba,DDC-TDC,"DDC, TDC; aromatic-L-amino-acid/L-tryptophan decarboxylase",K01593,g4385.t1,476,6.31,53262.08,48,43,1.12,NA,NA,1,476,2.404170823,243,66,167,28914.145,0.19663218,0.2992412,0.48738715,0.29331827,0.19406888,325,46,19,345,-5,25,25,0,0.1764705882,0.01703011,0.007030207,0.01915437,0.04139247,0.031123247,0.16386664,0.09554163,0.16198501,0.028918369,0,0.09031988,0.0075881593,0.033612005,0.10374901,0.01673945412,0,0.025541523,0.0025080692,0.12945163,0.024448164
Incendiamoeba,epsilon,YWHAE; 14-3-3 protein epsilon,K06630,g5966.t1,250,4.85,28529.87,45,33,1.36,"191,612","213,317",1,250,2.083800514,208,0,42,24913.422,0.112250954,0.25872272,0.62902623,0.28841642,0.34060982,194,34,0,282,-12,19,25,-6,0.24,0.012692016,0.00064755185,0.013450551,0.009048009,0.07067305,0.23975232,0.02907487,0.08163122,0.008594521,0,0.22402355,0,0.056727704,0.116586246,0,0,0.005689598,0.05509891,0.048664104,0.027645685
Vermamoeba,epsilon,YWHAE; 14-3-3 protein epsilon,K06630,g15021.t1,253,4.81,28540.84,47,34,1.38,NA,NA,1,253,2.223027218,203,0,50,26874.582,0.10061498,0.23056047,0.6594897,0.31101653,0.34847316,205,32,0,289,-13,20,25,-5,0.2450592885,0.011165524,0.00024011881,0.019906834,0.007293515,0.07230984,0.23858184,0.020584526,0.067082085,0.017896311,0,0.17749362,0,0.027156021,0.17097956,0.009334951639,0,0.012780663,0.04855063,0.07243467,0.026209388
Incendiamoeba,Centractin,"ACTR1, ARP1; centractin",K16575,g14176.t1,388,5.6,43455.82,50,41,1.22,"8,512","189,997",1,388,2.29750571,166,75,147,29714.93,0.16911092,0.23900393,0.5840879,0.30503887,0.279049,210,29,2,221,-9,23,22,1,0.2036082474,0.033443667,0.00879525,0.02601442,0.011825682,0.058492873,0.26189557,0.011376495,0.04533337,0.046382166,0.008903833,0.18881282,0,0.06267498,0.0902362,0.007797350641,0,0.01777796,0.07698803,0.043143302,0.0001061078
Vermamoeba,Centractin,"ACTR1, ARP1; centractin",K16575,g12773.t1,381,5.83,42612.95,49,41,1.20,NA,NA,1,381,2.207964572,168,73,140,26852.848,0.18078609,0.2027125,0.60248417,0.30935884,0.29312536,190,30,2,229,-8,23,24,-1,0.1784776903,0.035326034,0.008883368,0.025987925,0.012602743,0.009126421,0.2722512,0.034713916,0.06899096,0.039121673,0.012255971,0.21596856,0,0.05212075,0.07715678,0.01401718892,0,0.031841494,0.045162566,0.037107643,0.007364787
Incendiamoeba,Serine racemace,SRR; serine racemase,K12235,g3441.t1,320,8.79,34388.89,32,37,0.86,"5,496","188,409",1,641,3.258804586,318,99,224,37851.27,0.17851256,0.18416701,0.63085324,0.38169882,0.24915443,362,50,7,259,-1,42,32,10,0.1669266771,0.020799233,0.0023790232,0.03365983,0.037537634,0.032073792,0.3237858,0.036905423,0.02559687,0.020622112,0.0107405875,0.18549235,0.0019605833,0.04994768,0.063662075,0.006467101164,0,0.038757976,0.029432094,0.057913013,0.022266725
Vermamoeba,Serine racemace,SRR; serine racemase,K12235,g10376.t1,335,6.34,35929.31,37,35,1.06,NA,NA,1,335,1.924457841,170,50,115,22848.863,0.24145243,0.25481158,0.46277046,0.25285947,0.20991097,224,23,4,85,-2,22,17,5,0.1791044776,0.07287356,0.025135836,0.045282383,0.02824251,0.011572547,0.18842228,0.016482793,0.054728474,0.0257895,0.00042363766,0.15851955,0.0028242513,0.11064481,0.05139139,0.04096552357,0,0.019101884,0.07636795,0.0644372,0.0067938576
Incendiamoeba,SHOC2,"SHOC2, SUR8; leucine-rich repeat protein SHOC2",K19613,g1770.t1,509,9.18,57539.28,53,64,0.83,"43,224","204,077",1,509,3.142115815,120,66,323,35734.977,0.17941515,0.21508506,0.57744545,0.48483613,0.0926094,228,38,5,93,11,56,19,37,0.1984282908,0,0.029299002,0.015953895,0.03846396,0.038054604,0.32796958,9.03E-05,0.09130788,0.011369923,0.02516854,0.08484495,0,0.03599332,0.007764458,0.02805431746,0,0.030518353,0.055875003,0.15686655,0.02240544
Vermamoeba,SHOC2,"SHOC2, SUR8; leucine-rich repeat protein SHOC2",K19613,g6228.t1,494,5.86,54768.82,59,55,1.07,NA,NA,1,494,3.053762511,118,66,310,33191.758,0.17091873,0.2072854,0.5949843,0.48012125,0.11486301,208,34,11,105,-4,48,24,24,0.2105263158,0.0037911609,0.04155872,0.021391466,0.019053016,0.028298672,0.35086173,0.016331155,0.07335738,0.008719718,0.025946008,0.1079263,0,0.061308797,0.006936708,0.02681158297,0,0.024205107,0.040033575,0.12925951,0.014209368
Incendiamoeba,Cofilin,CFL; cofilin,K05765,g8408.t1,137,7.78,15598.81,18,19,0.95,"216,955","75,310",1,137,1.467872255,51,45,41,15655.104,0.15578122,0.27815068,0.55498564,0.32136017,0.23362543,78,19,0,123,1,12,13,-1,0.299270073,0.0010305095,0.060606755,0.0051525473,0.024938328,0.09527822,0.20712386,0.01618807,0.12404496,0.004314043,0,0.055275008,0,0.045332834,0.17835045,0.01108246855,0,0.00020610187,0.052811462,0.1142363,0.0040280614
Vermamoeba,Cofilin,CFL; cofilin,K05765,g1094.t1,142,6.83,16028.38,18,18,1.00,NA,NA,1,142,1.533471279,51,41,50,16918.283,0.22028242,0.24492052,0.53292614,0.3108995,0.22202665,66,10,0,134,0,14,13,1,0.2816901408,0,0.031658456,0.017276073,0.011667714,0.052948207,0.066212095,0.038892526,0.11400642,0.024210734,0.000931828,0.087977596,0,0.036479082,0.13404904,0.001870867913,0,0.030422864,0.10670905,0.24468744,0
Incendiamoeba,Saposin,"PSAP, SGP1; saposin",K12382,g14262.t1,224,6.14,25464.81,21,20,1.05,"307,669","11,653",1,224,2.470343944,138,0,86,27904.062,0.3648348,0.3241574,0.30870834,0.24715802,0.06155035,123,4,37,173,-1,17,9,8,0.3035714286,0.035264146,0.014101585,0.03871578,0.064984046,0.016519269,0.18760231,0.0030063796,0.11598298,0,0.11883335,0.0537485,0,0.14310889,0.007801844,0.0022994061,0,0.08612852,0.042516775,0.059555702,0.009830459
Vermamoeba,Saposin,"PSAP, SGP1; saposin",K12382,g1348.t2,210,4.48,22802.18,17,10,1.70,NA,NA,1,210,2.156721107,138,0,72,22775.13,0.17332138,0.5528402,0.27383834,0.20751594,0.066322386,96,0,34,86,-7,10,9,1,0.2904761905,0.035983663,0.004391761,0.08606336,0.00510011,0.04502792,0.18650638,0.035974417,0.1799496,0.012721742,0.024792198,0.04057257,0.0026917246,0.21452162,0.025749814,,0,0.018567977,0.045819536,0.02100956,0.014556007
Incendiamoeba,Sphasekinase,"SKP1, CBF3D; S-phase kinase-associated protein 1",K03094,g14442.t1,166,4.83,19227.84,35,24,1.46,"146,434","14,320",1,166,2.096369669,85,12,69,21896.582,0.18551429,0.13119864,0.66832817,0.3157617,0.35256648,96,13,4,102,-11,18,25,-7,0.3192771084,0,0,0.029981999,0.051704418,0.03150013,0.2320062,0.009721996,0.027135033,0.0013026688,0.002357662,0.23737673,0.012230372,0.04127881,0.11518975,0.01495887712,0,0.0064835707,0.103016265,0.08375548,0
Vermamoeba,Sphasekinase,"SKP1, CBF3D; S-phase kinase-associated protein 1",K03094,g94.t1,160,4.81,18492.01,33,22,1.50,NA,NA,1,160,2.026968552,84,12,64,20053.383,0.14272301,0.09615016,0.7434311,0.3018082,0.44162285,100,6,4,104,-11,16,26,-10,0.35,0,0.0069186077,0.010391829,0.057590425,0.008198454,0.24320179,0.008205791,0.027743602,0.0017368622,0.0028961615,0.30999863,0.014960441,0.047916453,0.1316242,0.01769570448,0.00016295403,0.008991939,0.04315965,0.058606394,0
Incendiamoeba,MFSD5,"MFSD5; MFS transporter, MFS domain-containing protein family, molybdate-anion transporter",K24175,g9102.t1,401,6.18,44991.99,29,26,1.12,"9,035","142,183",1,401,2.431797026,340,0,61,30700.055,0.38497037,0.19700246,0.40460128,0.23351221,0.17108905,318,9,3,490,-3,15,14,1,0.2119700748,0.06179584,0.017026044,0.017158909,0.016072966,0.023460718,0.16275689,0.00073569326,0.014740175,0.0064202966,0.10875114,0.13165112,0.05998074,0.09889526,0.039437927,0.01342588756,0.0038319172,0.08775258,0.03285537,0.07075532,0.032495193
Vermamoeba,MFSD5,"MFSD5; MFS transporter, MFS domain-containing protein family, molybdate-anion transporter",K24175,g206.t1,399,5.18,44311.92,36,26,1.38,NA,NA,1,399,2.315408063,317,0,82,29445.281,0.31614035,0.22908713,0.41728616,0.17213625,0.24514994,303,19,5,459,-10,15,20,-5,0.2180451128,0.048433345,0.015119224,0.013965645,0.0047118412,0.010272823,0.10440175,0.016102582,0.06497412,0.010005859,0.055969223,0.19714083,0.01238228,0.07999108,0.04800909,0.0374863781,0,0.07319791,0.09022393,0.067734495,0.04987759
Incendiamoeba,NECAP1,NECAP1_2; adaptin ear-binding coat-associated protein 1/2,K20069,g14439.t1,268,6.17,29483.77,25,24,1.04,"13,606","140,103",1,268,3.256054643,36,55,177,43718.6,0.23082021,0.5767686,0.18086338,0.09135549,0.089507885,55,9,6,180,-1,16,11,5,0.4402985075,0.008413495,0.0056828,0.14038444,0.047448337,1.70E-01,0.04522825,0.028101727,0.116234995,0.008059164,0.027823579,0.063581474,0.0025050777,0.13785613,0.025926417,0.01154770888,0,0.07139716,0.039448034,0.046127234,0.0044933143
Vermamoeba,NECAP1,NECAP1_2; adaptin ear-binding coat-associated protein 1/2,K20069,g91.t1,280,7.65,31198.83,27,28,0.96,NA,NA,1,280,3.396732911,40,57,183,50894.684,0.24999444,0.46553725,0.22791529,0.09978415,0.12813115,69,7,11,227,1,18,16,2,0.4607142857,0.01204534,0.01367197,0.069073975,0.05558141,0.08553409,0.04685848,0.035064664,0.20507161,0.02120649,0.04099278,0.10260726,0.0035791537,0.055461496,0.025523886,0.05655302852,0.001476754,0.053244412,0.03581469,0.05292568,0.027712807
Incendiamoeba,peroxiredoxin,"PRDX2_4, ahpC; peroxiredoxin 2/4",K03386,g5964.t1,257,6.99,29277.81,28,28,1.00,"130,518","30,437",1,257,2.766056444,58,47,152,37171.594,0.36845893,0.31541395,0.2691238,0.15544587,0.11367792,97,25,4,165,0,18,18,0,0.3618677043,0.026620323,0.031248502,0,0.041717563,5.34E-02,0.13394101,0.008301271,0.12963279,0.011208709,0.15193328,0.08738296,0,0.034368794,0.026294962,0.04700335115,0.047627468,0.059192616,0.049445342,0.021504862,0.039161358
Vermamoeba,peroxiredoxin,"PRDX2_4, ahpC; peroxiredoxin 2/4",K03386,g15015.t1,253,6.49,28206.03,26,23,1.13,NA,NA,1,253,2.80427372,61,49,143,35416.594,0.26217976,0.3241099,0.31431535,0.17058429,0.14373106,103,24,1,204,-3,14,14,0,0.3438735178,0.035398763,0.035322625,0.02898277,0.024731869,0.012820266,0.16995765,0.012965372,0.061987676,0.016563214,0.04942277,0.09910841,0,0.06623389,0.044622626,0.09939491749,0.028856859,0.045820493,0.058517877,0.00062663475,0.10866524
Incendiamoeba,tubbeta,TUBB; tubulin beta,K07375,g1831.t1,386,4.7,43151.01,53,32,1.66,"233,800","17,085",1,386,2.690278,187,58,141,34361.695,0.2047652,0.25149813,0.5321467,0.2657598,0.2663869,197,15,33,310,-21,24,31,-7,0.225388601,0.001314593,0.032096505,0.018660018,0.034721408,0.039565355,0.13675813,0.025965206,0.093631,0.012300246,0.035728615,0.18413468,0.006466566,0.08128108,0.08225223,0.01158996858,0.0021872881,0.018216504,0.0502558,0.12900163,0.003873134
Vermamoeba,tubbeta,TUBB; tubulin beta,K07375,g11066.t1,443,4.9,49433.94,62,41,1.51,NA,NA,1,443,2.280121797,219,84,140,29573.504,0.18864985,0.15954684,0.63682395,0.25161397,0.38521,243,35,25,439,-21,28,36,-8,0.164785553,0.021602314,0.0054551302,0.023790462,0.0344615,0.008048719,0.11374418,0.041691434,0.06421306,0.00944964,0.037796415,0.23802626,0.0072920383,0.05152681,0.14718373,0.01497939043,0.0018784467,0.009601029,0.030749986,0.13786976,0.00063969137

Incendiamoeba,NUPL1,"NUPL1, NUP49; nucleoporin p58/p45",K14307,g19583.t1,357,9.06,40688.31,27,31,0.87,"2,942","131,097",FAILED,,,,,,,,,,,,,,,,,,,,,,,,,,,,,,,,,,,,,,,,
Vermamoeba,NUPL1,"NUPL1, NUP49; nucleoporin p58/p45",K14307,g4123.t1,393,6.99,41977.56,31,31,1.00,NA,NA,FAILED,,,,,,,,,,,,,,,,,,,,,,,,,,,,,,,,,,,,,,,,
Incendiamoeba,RPL9,"RP-L9, MRPL9, rplI; large subunit ribosomal protein L9",K02939,g17136.t1,248,10.13,28476.55,21,52,0.40,"5,307","147,474",FAILED,,,,,,,,,,,,,,,,,,,,,,,,,,,,,,,,,,,,,,,,
Vermamoeba,RPL9,"RP-L9, MRPL9, rplI; large subunit ribosomal protein L9",K02939,g3302.t1,216,10,24381.44,22,42,0.52,NA,NA,FAILED,,,,,,,,,,,,,,,,,,,,,,,,,,,,,,,,,,,,,,,,
Incendiamoeba,coiled55,CCDC55; coiled-coil domain-containing protein 55,K13206,g4850.t1,407,9.6,47082.41,61,77,0.79,"10,228","225,646",FAILED,,,,,,,,,,,,,,,,,,,,,,,,,,,,,,,,,,,,,,,,
Vermamoeba,coiled55,CCDC55; coiled-coil domain-containing protein 55,K13206,g12636.t1,386,9.8,45035.57,79,103,0.77,NA,NA,FAILED,,,,,,,,,,,,,,,,,,,,,,,,,,,,,,,,,,,,,,,,
Incendiamoeba,HSP20,HSP20; HSP20 family protein,K13993,g8414.t1,387,5.91,43808.77,54,51,1.06,"78,582","19,679",FAILED,,,,,,,,,,,,,,,,,,,,,,,,,,,,,,,,,,,,,,,,
Vermamoeba,HSP20,HSP20; HSP20 family protein,K13993,g4943.t1,417,9.4,47527.39,74,86,0.86,NA,NA,FAILED,,,,,,,,,,,,,,,,,,,,,,,,,,,,,,,,,,,,,,,,
Incendiamoeba,UbiquitinC,UBC; ubiquitin C,K08770,g16188.t1,304,6.94,34489.65,44,44,1.00,"829,483","6,653",FAILED,,,,,,,,,,,,,,,,,,,,,,,,,,,,,,,,,,,,,,,,
Vermamoeba,UbiquitinC,UBC; ubiquitin C,K08770,g16785.t1,250,9.19,28432.29,27,33,0.82,NA,NA,FAILED,,,,,,,,,,,,,,,,,,,,,,,,,,,,,,,,,,,,,,,,
Incendiamoeba,Coactosin,"COTL1, COAA; coactosin",K28102,g11288.t1,148,6.63,16834.04,24,24,1.00,"226,142","36,371",FAILED,,,,,,,,,,,,,,,,,,,,,,,,,,,,,,,,,,,,,,,,
Vermamoeba,Coactosin,"COTL1, COAA; coactosin",K28102,g3385.t1,150,5.29,16789.87,25,22,1.14,NA,NA,FAILED,,,,,,,,,,,,,,,,,,,,,,,,,,,,,,,,,,,,,,,,
Incendiamoeba,Histone H2B,H2B; histone H2B,K11252,g17131.t1,139,10.26,15330.78,12,28,0.43,"217,705.00","6,147.00",FAILED,,,,,,,,,,,,,,,,,,,,,,,,,,,,,,,,,,,,,,,,
Vermamoeba,Histone H2B,H2B; histone H2B,K11252,g13410.t1,136,10.06,15248.49,15,29,0.52,NA,NA,FAILED,,,,,,,,,,,,,,,,,,,,,,,,,,,,,,,,,,,,,,,,
Incendiamoeba,Talin,TLN; talin,K06271,g10799.t1,2475,6.26,269908.89,300,281,1.07,"602,944","22,834",TOO BIG FOR PREDICTION,,,,,,,,,,,,,,,,,,,,,,,,,,,,,,,,,,,,,,,,
Vermamoeba,Talin,TLN; talin,K06271,g7552.t1,2723,8.09,288530.67,283,287,0.99,NA,NA,TOO BIG FOR PREDICTION,,,,,,,,,,,,,,,,,,,,,,,,,,,,,,,,,,,,,,,,
Incendiamoeba,KDM8,"KDM8, JMJD5; [protein]-arginine 3-hydroxylase / protease",K10277,g10715.t1,1163,9.27,134840.57,219,265,0.83,"248,584","5,559",TOO BIG FOR PREDICTION,,,,,,,,,,,,,,,,,,,,,,,,,,,,,,,,,,,,,,,,
Vermamoeba,KDM8,"KDM8, JMJD5; [protein]-arginine 3-hydroxylase / protease",K10277,g8386.t1,464,5.48,53485.64,66,46,1.43,NA,NA,TOO BIG FOR PREDICTION,,,,,,,,,,,,,,,,,,,,,,,,,,,,,,,,,,,,,,,,
Incendiamoeba,HSPA9,"dnaK, HSPA9; molecular chaperone DnaK",K04043,g10268.t1,1129,8.9,125872.93,125,129,0.97,"271,602","2,642",TOO BIG FOR PREDICTION,,,,,,,,,,,,,,,,,,,,,,,,,,,,,,,,,,,,,,,,
Vermamoeba,HSPA9,"dnaK, HSPA9; molecular chaperone DnaK",K04043,g10341.t1,665,7.51,72098.99,94,95,0.99,NA,NA,TOO BIG FOR PREDICTION,,,,,,,,,,,,,,,,,,,,,,,,,,,,,,,,,,,,,,,,
Incendiamoeba,KDM8,"KDM8, JMJD5; [protein]-arginine 3-hydroxylase / protease",K10277,g10715.t1,1163,9.27,134840.57,219,265,0.83,"248,584","5,559",TOO BIG FOR PREDICTION,,,,,,,,,,,,,,,,,,,,,,,,,,,,,,,,,,,,,,,,
Vermamoeba,KDM8,"KDM8, JMJD5; [protein]-arginine 3-hydroxylase / protease",K10277,g8386.t1,464,5.48,53485.64,66,46,1.43,NA,NA,TOO BIG FOR PREDICTION,,,,,,,,,,,,,,,,,,,,,,,,,,,,,,,,,,,,,,,,
Incendiamoeba,Cytohesin,CYTH; cytohesin,K18441,g411.t1,1739,8.67,194747.42,229,246,0.93,"305,468","5,232",TOO BIG FOR PREDICTION,,,,,,,,,,,,,,,,,,,,,,,,,,,,,,,,,,,,,,,,
Vermamoeba,Cytohesin,CYTH; cytohesin,K18441,g454.t1,1747,7.41,194295.93,229,229,1.00,NA,NA,TOO BIG FOR PREDICTION,,,,,,,,,,,,,,,,,,,,,,,,,,,,,,,,,,,,,,,,